INSERT INTO production.brands(brand_id,brand_name) VALUES
(1,'Electra'),
 (2,'Haro'),
 (3,'Heller'),
 (4,'Pure Cycles'),
 (5,'Ritchey'),
 (6,'Strider'),
 (7,'Sun Bicycles'),
 (8,'Surly'),
 (9,'Trek');

INSERT INTO production.categories(category_id,category_name) VALUES
	(1,'Children Bicycles'),
	(2,'Comfort Bicycles'),
	(3,'Cruisers Bicycles'),
	(4,'Cyclocross Bicycles'),
	(5,'Electric Bikes'),
	(6,'Mountain Bikes'),
	(7,'Road Bikes');

INSERT INTO production.products(product_id, product_name, brand_id, category_id, model_year, list_price) VALUES
(1,'Trek 820 - 2016',9,6,2016,379.99),
 (2,'Ritchey Timberwolf Frameset - 2016',5,6,2016,749.99),
 (3,'Surly Wednesday Frameset - 2016',8,6,2016,999.99),
 (4,'Trek Fuel EX 8 29 - 2016',9,6,2016,2899.99),
 (5,'Heller Shagamaw Frame - 2016',3,6,2016,1320.99),
 (6,'Surly Ice Cream Truck Frameset - 2016',8,6,2016,469.99),
 (7,'Trek Slash 8 27.5 - 2016',9,6,2016,3999.99),
 (8,'Trek Remedy 29 Carbon Frameset - 2016',9,6,2016,1799.99),
 (9,'Trek Conduit+ - 2016',9,5,2016,2999.99),
 (10,'Surly Straggler - 2016',8,4,2016,1549),
 (11,'Surly Straggler 650b - 2016',8,4,2016,1680.99),
 (12,'Electra Townie Original 21D - 2016',1,3,2016,549.99),
 (13,'Electra Cruiser 1 (24-Inch) - 2016',1,3,2016,269.99),
 (14,'Electra Girl''s Hawaii 1 (16-inch) - 2015/2016',1,3,2016,269.99),
 (15,'Electra Moto 1 - 2016',1,3,2016,529.99),
 (16,'Electra Townie Original 7D EQ - 2016',1,3,2016,599.99),
 (17,'Pure Cycles Vine 8-Speed - 2016',4,3,2016,429),
 (18,'Pure Cycles Western 3-Speed - Women''s - 2015/2016',4,3,2016,449),
 (19,'Pure Cycles William 3-Speed - 2016',4,3,2016,449),
 (20,'Electra Townie Original 7D EQ - Women''s - 2016',1,3,2016,599.99),
 (21,'Electra Cruiser 1 (24-Inch) - 2016',1,1,2016,269.99),
 (22,'Electra Girl''s Hawaii 1 (16-inch) - 2015/2016',1,1,2016,269.99),
 (23,'Electra Girl''s Hawaii 1 (20-inch) - 2015/2016',1,1,2016,299.99),
 (24,'Electra Townie Original 21D - 2016',1,2,2016,549.99),
 (25,'Electra Townie Original 7D - 2015/2016',1,2,2016,499.99),
 (26,'Electra Townie Original 7D EQ - 2016',1,2,2016,599.99),
 (27,'Surly Big Dummy Frameset - 2017',8,6,2017,999.99),
 (28,'Surly Karate Monkey 27.5+ Frameset - 2017',8,6,2017,2499.99),
 (29,'Trek X-Caliber 8 - 2017',9,6,2017,999.99),
 (30,'Surly Ice Cream Truck Frameset - 2017',8,6,2017,999.99),
 (31,'Surly Wednesday - 2017',8,6,2017,1632.99),
 (32,'Trek Farley Alloy Frameset - 2017',9,6,2017,469.99),
 (33,'Surly Wednesday Frameset - 2017',8,6,2017,469.99),
 (34,'Trek Session DH 27.5 Carbon Frameset - 2017',9,6,2017,469.99),
 (35,'Sun Bicycles Spider 3i - 2017',7,6,2017,832.99),
 (36,'Surly Troll Frameset - 2017',8,6,2017,832.99),
 (37,'Haro Flightline One ST - 2017',2,6,2017,379.99),
 (38,'Haro Flightline Two 26 Plus - 2017',2,6,2017,549.99),
 (39,'Trek Stache 5 - 2017',9,6,2017,1499.99),
 (40,'Trek Fuel EX 9.8 29 - 2017',9,6,2017,4999.99),
 (41,'Haro Shift R3 - 2017',2,6,2017,1469.99),
 (42,'Trek Fuel EX 5 27.5 Plus - 2017',9,6,2017,2299.99),
 (43,'Trek Fuel EX 9.8 27.5 Plus - 2017',9,6,2017,5299.99),
 (44,'Haro SR 1.1 - 2017',2,6,2017,539.99),
 (45,'Haro SR 1.2 - 2017',2,6,2017,869.99),
 (46,'Haro SR 1.3 - 2017',2,6,2017,1409.99),
 (47,'Trek Remedy 9.8 - 2017',9,6,2017,5299.99),
 (48,'Trek Emonda S 4 - 2017',9,7,2017,1499.99),
 (49,'Trek Domane SL 6 - 2017',9,7,2017,3499.99),
 (50,'Trek Silque SLR 7 Women''s - 2017',9,7,2017,5999.99),
 (51,'Trek Silque SLR 8 Women''s - 2017',9,7,2017,6499.99),
 (52,'Surly Steamroller - 2017',8,7,2017,875.99),
 (53,'Surly Ogre Frameset - 2017',8,7,2017,749.99),
 (54,'Trek Domane SL Disc Frameset - 2017',9,7,2017,3199.99),
 (55,'Trek Domane S 6 - 2017',9,7,2017,2699.99),
 (56,'Trek Domane SLR 6 Disc - 2017',9,7,2017,5499.99),
 (57,'Trek Emonda S 5 - 2017',9,7,2017,1999.99),
 (58,'Trek Madone 9.2 - 2017',9,7,2017,4999.99),
 (59,'Trek Domane S 5 Disc - 2017',9,7,2017,2599.99),
 (60,'Sun Bicycles ElectroLite - 2017',7,5,2017,1559.99),
 (61,'Trek Powerfly 8 FS Plus - 2017',9,5,2017,4999.99),
 (62,'Trek Boone 7 - 2017',9,4,2017,3499.99),
 (63,'Trek Boone Race Shop Limited - 2017',9,4,2017,3499.99),
 (64,'Electra Townie Original 7D - 2017',1,3,2017,489.99),
 (65,'Sun Bicycles Lil Bolt Type-R - 2017',7,3,2017,346.99),
 (66,'Sun Bicycles Revolutions 24 - 2017',7,3,2017,250.99),
 (67,'Sun Bicycles Revolutions 24 - Girl''s - 2017',7,3,2017,250.99),
 (68,'Sun Bicycles Cruz 3 - 2017',7,3,2017,449.99),
 (69,'Sun Bicycles Cruz 7 - 2017',7,3,2017,416.99),
 (70,'Electra Amsterdam Original 3i - 2015/2017',1,3,2017,659.99),
 (71,'Sun Bicycles Atlas X-Type - 2017',7,3,2017,416.99),
 (72,'Sun Bicycles Biscayne Tandem 7 - 2017',7,3,2017,619.99),
 (73,'Sun Bicycles Brickell Tandem 7 - 2017',7,3,2017,749.99),
 (74,'Electra Cruiser Lux 1 - 2017',1,3,2017,439.99),
 (75,'Electra Cruiser Lux Fat Tire 1 Ladies - 2017',1,3,2017,599.99),
 (76,'Electra Girl''s Hawaii 1 16" - 2017',1,3,2017,299.99),
 (77,'Electra Glam Punk 3i Ladies'' - 2017',1,3,2017,799.99),
 (78,'Sun Bicycles Biscayne Tandem CB - 2017',7,3,2017,647.99),
 (79,'Sun Bicycles Boardwalk (24-inch Wheels) - 2017',7,3,2017,402.99),
 (80,'Sun Bicycles Brickell Tandem CB - 2017',7,3,2017,761.99),
 (81,'Electra Amsterdam Fashion 7i Ladies'' - 2017',1,3,2017,1099.99),
 (82,'Electra Amsterdam Original 3i Ladies'' - 2017',1,3,2017,659.99),
 (83,'Trek Boy''s Kickster - 2015/2017',9,1,2017,149.99),
 (84,'Sun Bicycles Lil Kitt''n - 2017',7,1,2017,109.99),
 (85,'Haro Downtown 16 - 2017',2,1,2017,329.99),
 (86,'Trek Girl''s Kickster - 2017',9,1,2017,149.99),
 (87,'Trek Precaliber 12 Boys - 2017',9,1,2017,189.99),
 (88,'Trek Precaliber 12 Girls - 2017',9,1,2017,189.99),
 (89,'Trek Precaliber 16 Boys - 2017',9,1,2017,209.99),
 (90,'Trek Precaliber 16 Girls - 2017',9,1,2017,209.99),
 (91,'Trek Precaliber 24 (21-Speed) - Girls - 2017',9,1,2017,349.99),
 (92,'Haro Shredder 20 - 2017',2,1,2017,209.99),
 (93,'Haro Shredder 20 Girls - 2017',2,1,2017,209.99),
 (94,'Haro Shredder Pro 20 - 2017',2,1,2017,249.99),
 (95,'Electra Girl''s Hawaii 1 16" - 2017',1,1,2017,299.99),
 (96,'Electra Moto 3i (20-inch) - Boy''s - 2017',1,1,2017,349.99),
 (97,'Electra Savannah 3i (20-inch) - Girl''s - 2017',1,1,2017,349.99),
 (98,'Electra Straight 8 3i (20-inch) - Boy''s - 2017',1,1,2017,489.99),
 (99,'Electra Sugar Skulls 1 (20-inch) - Girl''s - 2017',1,1,2017,299.99),
 (100,'Electra Townie 3i EQ (20-inch) - Boys'' - 2017',1,1,2017,489.99),
 (101,'Electra Townie 7D (20-inch) - Boys'' - 2017',1,1,2017,339.99),
 (102,'Electra Townie Original 7D - 2017',1,2,2017,489.99),
 (103,'Sun Bicycles Streamway 3 - 2017',7,2,2017,551.99),
 (104,'Sun Bicycles Streamway - 2017',7,2,2017,481.99),
 (105,'Sun Bicycles Streamway 7 - 2017',7,2,2017,533.99),
 (106,'Sun Bicycles Cruz 3 - 2017',7,2,2017,449.99),
 (107,'Sun Bicycles Cruz 7 - 2017',7,2,2017,416.99),
 (108,'Sun Bicycles Cruz 3 - Women''s - 2017',7,2,2017,449.99),
 (109,'Sun Bicycles Cruz 7 - Women''s - 2017',7,2,2017,416.99),
 (110,'Sun Bicycles Drifter 7 - 2017',7,2,2017,470.99),
 (111,'Sun Bicycles Drifter 7 - Women''s - 2017',7,2,2017,470.99),
 (112,'Trek 820 - 2018',9,6,2018,379.99),
 (113,'Trek Marlin 5 - 2018',9,6,2018,489.99),
 (114,'Trek Marlin 6 - 2018',9,6,2018,579.99),
 (115,'Trek Fuel EX 8 29 - 2018',9,6,2018,3199.99),
 (116,'Trek Marlin 7 - 2017/2018',9,6,2018,749.99),
 (117,'Trek Ticket S Frame - 2018',9,6,2018,1469.99),
 (118,'Trek X-Caliber 8 - 2018',9,6,2018,999.99),
 (119,'Trek Kids'' Neko - 2018',9,6,2018,469.99),
 (120,'Trek Fuel EX 7 29 - 2018',9,6,2018,2499.99),
 (121,'Surly Krampus Frameset - 2018',8,6,2018,2499.99),
 (122,'Surly Troll Frameset - 2018',8,6,2018,2499.99),
 (123,'Trek Farley Carbon Frameset - 2018',9,6,2018,999.99),
 (124,'Surly Krampus - 2018',8,6,2018,1499),
 (125,'Trek Kids'' Dual Sport - 2018',9,6,2018,469.99),
 (126,'Surly Big Fat Dummy Frameset - 2018',8,6,2018,469.99),
 (127,'Surly Pack Rat Frameset - 2018',8,6,2018,469.99),
 (128,'Surly ECR 27.5 - 2018',8,6,2018,1899),
 (129,'Trek X-Caliber 7 - 2018',9,6,2018,919.99),
 (130,'Trek Stache Carbon Frameset - 2018',9,6,2018,919.99),
 (131,'Heller Bloodhound Trail - 2018',3,6,2018,2599),
 (132,'Trek Procal AL Frameset - 2018',9,6,2018,1499.99),
 (133,'Trek Procaliber Frameset - 2018',9,6,2018,1499.99),
 (134,'Trek Remedy 27.5 C Frameset - 2018',9,6,2018,1499.99),
 (135,'Trek X-Caliber Frameset - 2018',9,6,2018,1499.99),
 (136,'Trek Procaliber 6 - 2018',9,6,2018,1799.99),
 (137,'Heller Shagamaw GX1 - 2018',3,6,2018,2599),
 (138,'Trek Fuel EX 5 Plus - 2018',9,6,2018,2249.99),
 (139,'Trek Remedy 7 27.5 - 2018',9,6,2018,2999.99),
 (140,'Trek Remedy 9.8 27.5 - 2018',9,6,2018,4999.99),
 (141,'Trek Stache 5 - 2018',9,6,2018,1599.99),
 (142,'Trek Fuel EX 8 29 XT - 2018',9,6,2018,3199.99),
 (143,'Trek Domane ALR 3 - 2018',9,7,2018,1099.99),
 (144,'Trek Domane ALR 4 Disc - 2018',9,7,2018,1549.99),
 (145,'Trek Domane ALR 5 Disc - 2018',9,7,2018,1799.99),
 (146,'Trek Domane SLR 6 - 2018',9,7,2018,4999.99),
 (147,'Trek Domane ALR 5 Gravel - 2018',9,7,2018,1799.99),
 (148,'Trek Domane SL 8 Disc - 2018',9,7,2018,5499.99),
 (149,'Trek Domane SLR 8 Disc - 2018',9,7,2018,7499.99),
 (150,'Trek Emonda SL 7 - 2018',9,7,2018,4499.99),
 (151,'Trek Domane ALR 4 Disc Women''s - 2018',9,7,2018,1549.99),
 (152,'Trek Domane SL 5 Disc Women''s - 2018',9,7,2018,2499.99),
 (153,'Trek Domane SL 7 Women''s - 2018',9,7,2018,4999.99),
 (154,'Trek Domane SLR 6 Disc Women''s - 2018',9,7,2018,5499.99),
 (155,'Trek Domane SLR 9 Disc - 2018',9,7,2018,11999.99),
 (156,'Trek Domane SL Frameset - 2018',9,7,2018,6499.99),
 (157,'Trek Domane SL Frameset Women''s - 2018',9,7,2018,6499.99),
 (158,'Trek CrossRip 1 - 2018',9,7,2018,959.99),
 (159,'Trek Emonda ALR 6 - 2018',9,7,2018,2299.99),
 (160,'Trek Emonda SLR 6 - 2018',9,7,2018,4499.99),
 (161,'Surly ECR - 2018',8,7,2018,1899),
 (162,'Trek Emonda SL 6 Disc - 2018',9,7,2018,2999.99),
 (163,'Surly Pack Rat - 2018',8,7,2018,1349),
 (164,'Surly Straggler 650b - 2018',8,7,2018,1549),
 (165,'Trek 1120 - 2018',9,7,2018,2499.99),
 (166,'Trek Domane AL 2 Women''s - 2018',9,7,2018,749.99),
 (167,'Surly ECR Frameset - 2018',8,7,2018,749.99),
 (168,'Surly Straggler - 2018',8,7,2018,1549),
 (169,'Trek Emonda SLR 8 - 2018',9,7,2018,6499.99),
 (170,'Trek CrossRip 2 - 2018',9,7,2018,1299.99),
 (171,'Trek Domane SL 6 - 2018',9,7,2018,3199.99),
 (172,'Trek Domane ALR Disc Frameset - 2018',9,7,2018,3199.99),
 (173,'Trek Domane ALR Frameset - 2018',9,7,2018,3199.99),
 (174,'Trek Domane SLR Disc Frameset - 2018',9,7,2018,3199.99),
 (175,'Trek Domane SLR Frameset - 2018',9,7,2018,3199.99),
 (176,'Trek Madone 9 Frameset - 2018',9,7,2018,3199.99),
 (177,'Trek Domane SLR 6 Disc - 2018',9,7,2018,5499.99),
 (178,'Trek Domane AL 2 - 2018',9,7,2018,749.99),
 (179,'Trek Domane AL 3 - 2018',9,7,2018,919.99),
 (180,'Trek Domane AL 3 Women''s - 2018',9,7,2018,919.99),
 (181,'Trek Domane SL 5 - 2018',9,7,2018,2199.99),
 (182,'Trek Domane SL 5 Disc - 2018',9,7,2018,2499.99),
 (183,'Trek Domane SL 5 Women''s - 2018',9,7,2018,2199.99),
 (184,'Trek Domane SL 6 Disc - 2018',9,7,2018,3499.99),
 (185,'Trek Conduit+ - 2018',9,5,2018,2799.99),
 (186,'Trek CrossRip+ - 2018',9,5,2018,4499.99),
 (187,'Trek Neko+ - 2018',9,5,2018,2799.99),
 (188,'Trek XM700+ Lowstep - 2018',9,5,2018,3499.99),
 (189,'Trek Lift+ Lowstep - 2018',9,5,2018,2799.99),
 (190,'Trek Dual Sport+ - 2018',9,5,2018,2799.99),
 (191,'Electra Loft Go! 8i - 2018',1,5,2018,2799.99),
 (192,'Electra Townie Go! 8i - 2017/2018',1,5,2018,2599.99),
 (193,'Trek Lift+ - 2018',9,5,2018,2799.99),
 (194,'Trek XM700+ - 2018',9,5,2018,3499.99),
 (195,'Electra Townie Go! 8i Ladies'' - 2018',1,5,2018,2599.99),
 (196,'Trek Verve+ - 2018',9,5,2018,2299.99),
 (197,'Trek Verve+ Lowstep - 2018',9,5,2018,2299.99),
 (198,'Electra Townie Commute Go! - 2018',1,5,2018,2999.99),
 (199,'Electra Townie Commute Go! Ladies'' - 2018',1,5,2018,2999.99),
 (200,'Trek Powerfly 5 - 2018',9,5,2018,3499.99);

INSERT INTO sales.customers(customer_id,first_name, last_name, phone, email, street, city, state, zip_code) VALUES
(1,'Debra','Burks',NULL,'debra.burks@yahoo.com','9273 Thorne Ave. ','Orchard Park','NY',14127),
 (2,'Kasha','Todd',NULL,'kasha.todd@yahoo.com','910 Vine Street ','Campbell','CA',95008),
 (3,'Tameka','Fisher',NULL,'tameka.fisher@aol.com','769C Honey Creek St. ','Redondo Beach','CA',90278),
 (4,'Daryl','Spence',NULL,'daryl.spence@aol.com','988 Pearl Lane ','Uniondale','NY',11553),
 (5,'Charolette','Rice','(916) 381-6003','charolette.rice@msn.com','107 River Dr. ','Sacramento','CA',95820),
 (6,'Lyndsey','Bean',NULL,'lyndsey.bean@hotmail.com','769 West Road ','Fairport','NY',14450),
 (7,'Latasha','Hays','(716) 986-3359','latasha.hays@hotmail.com','7014 Manor Station Rd. ','Buffalo','NY',14215),
 (8,'Jacquline','Duncan',NULL,'jacquline.duncan@yahoo.com','15 Brown St. ','Jackson Heights','NY',11372),
 (9,'Genoveva','Baldwin',NULL,'genoveva.baldwin@msn.com','8550 Spruce Drive ','Port Washington','NY',11050),
 (10,'Pamelia','Newman',NULL,'pamelia.newman@gmail.com','476 Chestnut Ave. ','Monroe','NY',10950),
 (11,'Deshawn','Mendoza',NULL,'deshawn.mendoza@yahoo.com','8790 Cobblestone Street ','Monsey','NY',10952),
 (12,'Robby','Sykes','(516) 583-7761','robby.sykes@hotmail.com','486 Rock Maple Street ','Hempstead','NY',11550),
 (13,'Lashawn','Ortiz',NULL,'lashawn.ortiz@msn.com','27 Washington Rd. ','Longview','TX',75604),
 (14,'Garry','Espinoza',NULL,'garry.espinoza@hotmail.com','7858 Rockaway Court ','Forney','TX',75126),
 (15,'Linnie','Branch',NULL,'linnie.branch@gmail.com','314 South Columbia Ave. ','Plattsburgh','NY',12901),
 (16,'Emmitt','Sanchez','(212) 945-8823','emmitt.sanchez@hotmail.com','461 Squaw Creek Road ','New York','NY',10002),
 (17,'Caren','Stephens',NULL,'caren.stephens@msn.com','914 Brook St. ','Scarsdale','NY',10583),
 (18,'Georgetta','Hardin',NULL,'georgetta.hardin@aol.com','474 Chapel Dr. ','Canandaigua','NY',14424),
 (19,'Lizzette','Stein',NULL,'lizzette.stein@yahoo.com','19 Green Hill Lane ','Orchard Park','NY',14127),
 (20,'Aleta','Shepard',NULL,'aleta.shepard@aol.com','684 Howard St. ','Sugar Land','TX',77478),
 (21,'Tobie','Little',NULL,'tobie.little@gmail.com','10 Silver Spear Dr. ','Victoria','TX',77904),
 (22,'Adelle','Larsen',NULL,'adelle.larsen@gmail.com','683 West Kirkland Dr. ','East Northport','NY',11731),
 (23,'Kaylee','English',NULL,'kaylee.english@msn.com','8786 Fulton Rd. ','Hollis','NY',11423),
 (24,'Corene','Wall',NULL,'corene.wall@msn.com','9601 Ocean Rd. ','Atwater','CA',95301),
 (25,'Regenia','Vaughan',NULL,'regenia.vaughan@gmail.com','44 Stonybrook Street ','Mahopac','NY',10541),
 (26,'Theo','Reese','(562) 215-2907','theo.reese@gmail.com','8755 W. Wild Horse St. ','Long Beach','NY',11561),
 (27,'Santos','Valencia',NULL,'santos.valencia@yahoo.com','7479 Carpenter Street ','Sunnyside','NY',11104),
 (28,'Jeanice','Frost',NULL,'jeanice.frost@hotmail.com','76 Devon Lane ','Ossining','NY',10562),
 (29,'Syreeta','Hendricks',NULL,'syreeta.hendricks@msn.com','193 Spruce Road ','Mahopac','NY',10541),
 (30,'Jamaal','Albert',NULL,'jamaal.albert@gmail.com','853 Stonybrook Street ','Torrance','CA',90505),
 (31,'Williemae','Holloway','(510) 246-8375','williemae.holloway@msn.com','69 Cypress St. ','Oakland','CA',94603),
 (32,'Araceli','Golden',NULL,'araceli.golden@msn.com','12 Ridgeview Ave. ','Fullerton','CA',92831),
 (33,'Deloris','Burke',NULL,'deloris.burke@hotmail.com','895 Edgemont Drive ','Palos Verdes Peninsula','CA',90274),
 (34,'Brittney','Woodward',NULL,'brittney.woodward@aol.com','960 River St. ','East Northport','NY',11731),
 (35,'Guillermina','Noble',NULL,'guillermina.noble@msn.com','6 Del Monte Lane ','Baldwinsville','NY',13027),
 (36,'Bernita','Mcdaniel',NULL,'bernita.mcdaniel@hotmail.com','2 Peg Shop Ave. ','Liverpool','NY',13090),
 (37,'Melia','Brady',NULL,'melia.brady@gmail.com','907 Shirley Rd. ','Maspeth','NY',11378),
 (38,'Zelma','Browning',NULL,'zelma.browning@aol.com','296 Second Street ','Astoria','NY',11102),
 (39,'Janetta','Aguirre','(717) 670-2634','janetta.aguirre@aol.com','214 Second Court ','Lancaster','NY',14086),
 (40,'Ronna','Butler',NULL,'ronna.butler@gmail.com','9438 Plymouth Court ','Encino','CA',91316),
 (41,'Kathie','Freeman',NULL,'kathie.freeman@msn.com','667 Temple Dr. ','Queensbury','NY',12804),
 (42,'Tangela','Quinn',NULL,'tangela.quinn@aol.com','4 S. Purple Finch Road ','Richmond Hill','NY',11418),
 (43,'Mozelle','Carter','(281) 489-9656','mozelle.carter@aol.com','895 Chestnut Ave. ','Houston','TX',77016),
 (44,'Onita','Johns',NULL,'onita.johns@msn.com','32 Glen Creek Lane ','Elmont','NY',11003),
 (45,'Bennett','Armstrong',NULL,'bennett.armstrong@aol.com','688 Walnut Street ','Bethpage','NY',11714),
 (46,'Monika','Berg',NULL,'monika.berg@gmail.com','369 Vernon Dr. ','Encino','CA',91316),
 (47,'Bridgette','Guerra',NULL,'bridgette.guerra@hotmail.com','9982 Manor Drive ','San Lorenzo','CA',94580),
 (48,'Cesar','Jackson',NULL,'cesar.jackson@gmail.com','8068 N. Griffin Ave. ','Liverpool','NY',13090),
 (49,'Caroll','Hays',NULL,'caroll.hays@yahoo.com','9381 Wrangler St. ','Fairport','NY',14450),
 (50,'Cleotilde','Booth',NULL,'cleotilde.booth@gmail.com','17 Corona St. ','Sugar Land','TX',77478),
 (51,'Gertrud','Rhodes',NULL,'gertrud.rhodes@aol.com','9961 Meadowbrook Street ','Merrick','NY',11566),
 (52,'Tu','Ramirez',NULL,'tu.ramirez@hotmail.com','24 W. Courtland Street ','East Elmhurst','NY',11369),
 (53,'Saturnina','Garner',NULL,'saturnina.garner@gmail.com','8538 Fairground St. ','Glendora','CA',91740),
 (54,'Fran','Yang',NULL,'fran.yang@hotmail.com','440 Pearl St. ','Utica','NY',13501),
 (55,'Diana','Guerra',NULL,'diana.guerra@hotmail.com','45 Chapel Ave. ','Merrick','NY',11566),
 (56,'Lolita','Mosley','(281) 363-3309','lolita.mosley@hotmail.com','376 S. High Ridge St. ','Houston','TX',77016),
 (57,'Pamala','Henry',NULL,'pamala.henry@aol.com','197 Bridgeton Ave. ','Bronx','NY',10451),
 (58,'Damien','Dorsey',NULL,'damien.dorsey@yahoo.com','161 Old York Street ','Central Islip','NY',11722),
 (59,'Latasha','Stanley',NULL,'latasha.stanley@gmail.com','8068 Fordham Drive ','Rockville Centre','NY',11570),
 (60,'Neil','Mccall',NULL,'neil.mccall@gmail.com','7476 Oakland Dr. ','San Carlos','CA',94070),
 (61,'Elinore','Aguilar',NULL,'elinore.aguilar@msn.com','9766 Rockcrest Ave. ','San Angelo','TX',76901),
 (62,'Alica','Hunter',NULL,'alica.hunter@hotmail.com','8 San Juan Drive ','East Elmhurst','NY',11369),
 (63,'Tenisha','Lyons',NULL,'tenisha.lyons@aol.com','78 E. Rock Creek Street ','Amityville','NY',11701),
 (64,'Bobbie','Foster',NULL,'bobbie.foster@yahoo.com','988 Pineknoll Ave. ','Desoto','TX',75115),
 (65,'Kanesha','Vega',NULL,'kanesha.vega@gmail.com','771 E. Oxford Drive ','Rome','NY',13440),
 (66,'Lorrie','Becker',NULL,'lorrie.becker@yahoo.com','19 North Court ','Garland','TX',75043),
 (67,'Tommie','Melton','(916) 802-2952','tommie.melton@gmail.com','8 West Old York St. ','Sacramento','CA',95820),
 (68,'Jayne','Kirkland',NULL,'jayne.kirkland@hotmail.com','7800 Second Lane ','Rowlett','TX',75088),
 (69,'Katelin','Kennedy',NULL,'katelin.kennedy@gmail.com','286 Myrtle Lane ','Rocklin','CA',95677),
 (70,'Tomasa','Carson',NULL,'tomasa.carson@aol.com','10 Clark Avenue ','East Elmhurst','NY',11369),
 (71,'Takako','Casey',NULL,'takako.casey@aol.com','7548 Court Lane ','Bronx','NY',10451),
 (72,'Petronila','Norris',NULL,'petronila.norris@aol.com','72 South Marshall Lane ','South El Monte','CA',91733),
 (73,'Melanie','Hayes',NULL,'melanie.hayes@msn.com','5 N. Hall Dr. ','Liverpool','NY',13090),
 (74,'Georgeann','Waller',NULL,'georgeann.waller@yahoo.com','9797 Bald Hill Ave. ','North Tonawanda','NY',14120),
 (75,'Abby','Gamble',NULL,'abby.gamble@aol.com','60 Myers Dr. ','Amityville','NY',11701),
 (76,'Parker','Prince',NULL,'parker.prince@hotmail.com','21 Sulphur Springs Drive ','Port Jefferson Station','NY',11776),
 (77,'Keri','Bridges',NULL,'keri.bridges@gmail.com','8504 Brickell Ave. ','Richardson','TX',75080),
 (78,'Chi','Goff',NULL,'chi.goff@aol.com','3 W. Glen Ridge Avenue ','Palos Verdes Peninsula','CA',90274),
 (79,'Ashanti','Parks',NULL,'ashanti.parks@hotmail.com','846 N. Helen St. ','Baldwin','NY',11510),
 (80,'Sarai','Mckee','(716) 912-8110','sarai.mckee@msn.com','641 Glenwood Avenue ','Buffalo','NY',14215),
 (81,'Zina','Bonner',NULL,'zina.bonner@hotmail.com','9312 8th Street ','San Lorenzo','CA',94580),
 (82,'Lizzie','Joyner',NULL,'lizzie.joyner@msn.com','8541 Roberts St. ','Coachella','CA',92236),
 (83,'Tiesha','Daniel',NULL,'tiesha.daniel@yahoo.com','6 West Bohemia Lane ','Scarsdale','NY',10583),
 (84,'Armand','Whitehead',NULL,'armand.whitehead@hotmail.com','639 Harvey St. ','Lindenhurst','NY',11757),
 (85,'Teofila','Fischer',NULL,'teofila.fischer@aol.com','1 West Brickyard St. ','Huntington Station','NY',11746),
 (86,'Lissa','Vargas',NULL,'lissa.vargas@yahoo.com','517 Victoria Ave. ','Oswego','NY',13126),
 (87,'Yan','Mcgowan',NULL,'yan.mcgowan@msn.com','8960 Newport Ave. ','Duarte','CA',91010),
 (88,'Titus','Bullock',NULL,'titus.bullock@gmail.com','29 Oxford Avenue ','Hollis','NY',11423),
 (89,'Arvilla','Osborn',NULL,'arvilla.osborn@gmail.com','60 Acacia Lane ','Upland','CA',91784),
 (90,'Marjorie','Logan',NULL,'marjorie.logan@msn.com','95 Grandrose St. ','Franklin Square','NY',11010),
 (91,'Marvin','Mullins','(619) 635-2027','marvin.mullins@aol.com','7489 Redwood Drive ','San Diego','CA',92111),
 (92,'Tena','Cruz',NULL,'tena.cruz@yahoo.com','1 South St. ','Farmingdale','NY',11735),
 (93,'Corrina','Sawyer','(248) 370-1364','corrina.sawyer@yahoo.com','95 Briarwood Lane ','Troy','NY',12180),
 (94,'Sharyn','Hopkins',NULL,'sharyn.hopkins@hotmail.com','4 South Temple Ave. ','Baldwinsville','NY',13027),
 (95,'Letitia','Franco',NULL,'letitia.franco@aol.com','607 Lakeview Drive ','Saratoga Springs','NY',12866),
 (96,'Floretta','Higgins',NULL,'floretta.higgins@hotmail.com','870 Lilac Dr. ','Bayside','NY',11361),
 (97,'Louanne','Martin',NULL,'louanne.martin@hotmail.com','1 Campfire Ave. ','Yuba City','CA',95993),
 (98,'Violet','Valenzuela',NULL,'violet.valenzuela@msn.com','8668 Piper Street ','Plattsburgh','NY',12901),
 (99,'Carie','Kidd',NULL,'carie.kidd@yahoo.com','6 East Clinton Street ','Monroe','NY',10950),
 (100,'Kellie','Franco',NULL,'kellie.franco@yahoo.com','444 South Walnut Rd. ','Commack','NY',11725);

INSERT INTO sales.stores(store_id,store_name, phone, email, street, city, state, zip_code)VALUES
	(1,'Santa Cruz Bikes','(831) 476-4321','santacruz@bikes.shop','3700 Portola Drive', 'Santa Cruz','CA',95060),
     (2,'Baldwin Bikes','(516) 379-8888','baldwin@bikes.shop','4200 Chestnut Lane', 'Baldwin','NY',11432),
     (3,'Rowlett Bikes','(972) 530-5555','rowlett@bikes.shop','8000 Fairway Avenue', 'Rowlett','TX',75088);

INSERT INTO production.stocks(store_id, product_id, quantity) VALUES
(1,1,27),
 (1,2,5),
 (1,3,6),
 (1,4,23),
 (1,5,22),
 (1,6,0),
 (1,7,8),
 (1,8,0),
 (1,9,11),
 (1,10,15),
 (1,11,8),
 (1,12,16),
 (1,13,13),
 (1,14,8),
 (1,15,3),
 (1,16,4),
 (1,17,2),
 (1,18,16),
 (1,19,4),
 (1,20,26),
 (1,21,24),
 (1,22,29),
 (1,23,9),
 (1,24,10),
 (1,25,10),
 (1,26,16),
 (1,27,21),
 (1,28,20),
 (1,29,13),
 (1,30,30),
 (1,31,2),
 (1,32,0),
 (1,33,10),
 (1,34,2),
 (1,35,18),
 (1,36,26),
 (1,37,12),
 (1,38,13),
 (1,39,2),
 (1,40,24),
 (1,41,10),
 (1,42,0),
 (1,43,2),
 (1,44,1),
 (1,45,15),
 (1,46,19),
 (1,47,21),
 (1,48,5),
 (1,49,8),
 (1,50,29),
 (1,51,2),
 (1,52,18),
 (1,53,17),
 (1,54,11),
 (1,55,11),
 (1,56,15),
 (1,57,1),
 (1,58,1),
 (1,59,22),
 (1,60,19),
 (1,61,30),
 (1,62,21),
 (1,63,4),
 (1,64,30),
 (1,65,10),
 (1,66,12),
 (1,67,19),
 (1,68,30),
 (1,69,4),
 (1,70,3),
 (1,71,25),
 (1,72,9),
 (1,73,7),
 (1,74,9),
 (1,75,23),
 (1,76,15),
 (1,77,16),
 (1,78,13),
 (1,79,13),
 (1,80,11),
 (1,81,25),
 (1,82,1),
 (1,83,13),
 (1,84,11),
 (1,85,23),
 (1,86,19),
 (1,87,27),
 (1,88,7),
 (1,89,9),
 (1,90,4),
 (1,91,8),
 (1,92,0),
 (1,93,22),
 (1,94,6),
 (1,95,25),
 (1,96,20),
 (1,97,20),
 (1,98,28),
 (1,99,28);
 
INSERT INTO sales.staffs(staff_id, first_name, last_name, email, phone,store_id, manager_id) VALUES
 (1,'Fabiola','Jackson','fabiola.jackson@bikes.shop','(831) 555-5554',1,NULL),
 (2,'Mireya','Copeland','mireya.copeland@bikes.shop','(831) 555-5555',1,1) ,
 (3,'Genna','Serrano','genna.serrano@bikes.shop','(831) 555-5556',1,2),
 (4,'Virgie','Wiggins','virgie.wiggins@bikes.shop','(831) 555-5557',1,2),
 (5,'Jannette','David','jannette.david@bikes.shop','(516) 379-4444',2,1) ,
 (6,'Marcelene','Boyer','marcelene.boyer@bikes.shop','(516) 379-4445',2,5) ,
 (7,'Venita','Daniel','venita.daniel@bikes.shop','(516) 379-4446',2,5) ,
 (8,'Kali','Vargas','kali.vargas@bikes.shop','(972) 530-5555',3,1) ,
 (9,'Layla','Terrell','layla.terrell@bikes.shop','(972) 530-5556',3,7) ,
 (10,'Bernardine','Houston','bernardine.houston@bikes.shop','(972) 530-5557',3,7);

INSERT INTO sales.orders(order_id, order_status, order_date, required_date, shipped_date, store_id,staff_id) VALUES
 (1,4,'20160101','20160103','20160103',1,2),
 (2,4,'20160101','20160104','20160103',2,6),
 (3,4,'20160102','20160105','20160103',2,7),
 (4,4,'20160103','20160104','20160105',1,3),
 (5,4,'20160103','20160106','20160106',2,6),
 (6,4,'20160104','20160107','20160105',2,6),
 (7,4,'20160104','20160107','20160105',2,6),
 (8,4,'20160104','20160105','20160105',2,7),
 (9,4,'20160105','20160108','20160108',1,2),
 (10,4,'20160105','20160106','20160106',2,6),
 (11,4,'20160105','20160108','20160107',2,7),
 (12,4,'20160106','20160108','20160109',1,2),
 (13,4,'20160108','20160111','20160111',2,6),
 (14,4,'20160109','20160111','20160112',1,3),
 (15,4,'20160109','20160110','20160112',2,7),
 (16,4,'20160112','20160115','20160115',1,3),
 (17,4,'20160112','20160114','20160114',1,3),
 (18,4,'20160114','20160117','20160115',1,3),
 (19,4,'20160114','20160117','20160116',1,2),
 (20,4,'20160114','20160116','20160117',1,2),
 (21,4,'20160115','20160116','20160118',2,6),
 (22,4,'20160116','20160118','20160117',1,2),
 (23,4,'20160116','20160119','20160119',1,2),
 (24,4,'20160118','20160120','20160119',2,7),
 (25,4,'20160118','20160121','20160121',2,6),
 (26,4,'20160118','20160121','20160119',2,7),
 (27,4,'20160119','20160121','20160120',2,7),
 (28,4,'20160119','20160120','20160121',2,6),
 (29,4,'20160120','20160122','20160121',2,6),
 (30,4,'20160120','20160121','20160121',2,6),
 (31,4,'20160120','20160122','20160122',3,8),
 (32,4,'20160121','20160124','20160122',1,3),
 (33,4,'20160121','20160122','20160122',2,6),
 (34,4,'20160122','20160125','20160123',2,6),
 (35,4,'20160122','20160125','20160124',2,7),
 (36,4,'20160123','20160124','20160124',2,6),
 (37,4,'20160125','20160128','20160126',2,6),
 (38,4,'20160125','20160127','20160126',2,7),
 (39,4,'20160125','20160126','20160126',2,7),
 (40,4,'20160127','20160128','20160129',1,3),
 (41,4,'20160127','20160130','20160129',2,6),
 (42,4,'20160127','20160128','20160130',2,7),
 (43,4,'20160127','20160128','20160130',2,7),
 (44,4,'20160128','20160131','20160130',2,7),
 (45,4,'20160128','20160131','20160131',2,7),
 (46,4,'20160129','20160131','20160131',2,7),
 (47,4,'20160129','20160130','20160131',2,7),
 (48,4,'20160130','20160201','20160202',2,7),
 (49,4,'20160131','20160201','20160202',2,6),
 (50,4,'20160131','20160203','20160202',3,8),
 (51,4,'20160201','20160202','20160203',2,7),
 (52,4,'20160203','20160204','20160205',1,2),
 (53,4,'20160203','20160204','20160205',2,6),
 (54,4,'20160204','20160207','20160207',2,7),
 (55,4,'20160204','20160207','20160206',2,6),
 (56,4,'20160204','20160206','20160207',2,6),
 (57,4,'20160204','20160206','20160206',2,7),
 (58,4,'20160205','20160207','20160207',2,6),
 (59,4,'20160205','20160207','20160206',2,7),
 (60,4,'20160206','20160208','20160207',1,3),
 (61,4,'20160206','20160209','20160209',2,7),
 (62,4,'20160207','20160210','20160210',1,2),
 (63,4,'20160207','20160209','20160209',2,7),
 (64,4,'20160207','20160208','20160209',2,6),
 (65,4,'20160208','20160209','20160211',2,6),
 (66,4,'20160209','20160212','20160212',2,7),
 (67,4,'20160209','20160211','20160210',3,8),
 (68,4,'20160210','20160211','20160213',2,6),
 (69,4,'20160210','20160212','20160211',2,7),
 (70,3,'20160211','20160211','20160215',3,9),
 (71,4,'20160211','20160214','20160212',2,7),
 (72,4,'20160212','20160215','20160213',1,2),
 (73,4,'20160212','20160215','20160214',2,7),
 (74,4,'20160213','20160215','20160215',2,7),
 (75,4,'20160214','20160215','20160217',2,6),
 (76,3,'20160216','20160216','20160216',2,6),
 (77,4,'20160216','20160219','20160219',1,2),
 (78,4,'20160216','20160218','20160219',2,7),
 (79,4,'20160217','20160220','20160220',1,3),
 (80,4,'20160217','20160220','20160219',2,6),
 (81,4,'20160217','20160219','20160218',2,6),
 (82,4,'20160218','20160221','20160220',2,6),
 (83,4,'20160219','20160220','20160220',1,3),
 (84,4,'20160220','20160222','20160221',2,7),
 (85,4,'20160220','20160223','20160221',2,7),
 (86,4,'20160221','20160222','20160223',2,7),
 (87,4,'20160221','20160222','20160223',2,6),
 (88,4,'20160221','20160222','20160223',2,6),
 (89,4,'20160221','20160224','20160224',3,8),
 (90,4,'20160223','20160225','20160224',2,7),
 (91,4,'20160225','20160227','20160228',1,2),
 (92,4,'20160225','20160228','20160228',2,7),
 (93,4,'20160226','20160228','20160227',1,3),
 (94,4,'20160227','20160228','20160229',1,2),
 (95,4,'20160227','20160229','20160228',2,7),
 (96,4,'20160227','20160229','20160228',2,7),
 (97,4,'20160228','20160229','20160301',2,7),
 (98,4,'20160228','20160229','20160229',2,6),
 (99,4,'20160229','20160301','20160303',3,9),
 (100,4,'20160301','20160304','20160303',2,7),
 (101,4,'20160301','20160304','20160304',3,8);

INSERT INTO sales.order_items(order_id, item_id, product_id, quantity, list_price,discount) VALUES
 (1,1,20,1,599.99,0.2),
 (1,2,8,2,1799.99,0.07),
 (1,3,10,2,1549.00,0.05),
 (1,4,16,2,599.99,0.05),
 (1,5,4,1,2899.99,0.2),
 (2,1,20,1,599.99,0.07),
 (2,2,16,2,599.99,0.05),
 (3,1,3,1,999.99,0.05),
 (3,2,20,1,599.99,0.05),
 (4,1,2,2,749.99,0.1),
 (5,1,10,2,1549.00,0.05),
 (5,2,17,1,429.00,0.07),
 (5,3,26,1,599.99,0.07),
 (6,1,18,1,449.00,0.07),
 (6,2,12,2,549.99,0.05),
 (6,3,20,1,599.99,0.1),
 (6,4,3,2,999.99,0.07),
 (6,5,9,2,2999.99,0.07),
 (7,1,15,1,529.99,0.07),
 (7,2,3,1,999.99,0.1),
 (7,3,17,2,429.00,0.1),
 (8,1,22,1,269.99,0.05),
 (8,2,20,2,599.99,0.07),
 (9,1,7,2,3999.99,0.1),
 (10,1,14,1,269.99,0.1),
 (11,1,8,1,1799.99,0.05),
 (11,2,22,2,269.99,0.1),
 (11,3,16,2,599.99,0.2),
 (12,1,4,2,2899.99,0.1),
 (12,2,11,1,1680.99,0.05),
 (13,1,13,1,269.99,0.1),
 (13,2,17,2,429.00,0.05),
 (13,3,20,2,599.99,0.1),
 (13,4,16,2,599.99,0.05),
 (14,1,6,1,469.99,0.07),
 (15,1,12,2,549.99,0.07),
 (15,2,8,1,1799.99,0.07),
 (15,3,18,2,449.00,0.05),
 (15,4,23,2,299.99,0.2),
 (16,1,8,1,1799.99,0.2),
 (16,2,21,1,269.99,0.05),
 (16,3,13,2,269.99,0.07),
 (16,4,14,1,269.99,0.07),
 (17,1,8,1,1799.99,0.07),
 (17,2,23,1,299.99,0.1),
 (17,3,5,1,1320.99,0.1),
 (17,4,20,2,599.99,0.2),
 (18,1,2,2,749.99,0.2),
 (18,2,22,1,269.99,0.05),
 (18,3,7,1,3999.99,0.1),
 (18,4,25,2,499.99,0.05),
 (18,5,9,2,2999.99,0.1),
 (19,1,10,1,1549.00,0.07),
 (19,2,9,2,2999.99,0.2),
 (20,1,9,1,2999.99,0.07),
 (20,2,10,2,1549.00,0.07),
 (21,1,14,1,269.99,0.05),
 (21,2,17,1,429.00,0.1),
 (21,3,10,1,1549.00,0.07),
 (22,1,15,2,529.99,0.2),
 (22,2,22,1,269.99,0.05),
 (23,1,4,2,2899.99,0.05),
 (23,2,23,2,299.99,0.1),
 (23,3,13,1,269.99,0.2),
 (24,1,3,2,999.99,0.1),
 (24,2,18,2,449.00,0.07),
 (25,1,23,2,299.99,0.2),
 (25,2,10,2,1549.00,0.2),
 (25,3,22,1,269.99,0.2),
 (25,4,14,1,269.99,0.2),
 (25,5,21,1,269.99,0.1),
 (26,1,7,1,3999.99,0.05),
 (26,2,2,1,749.99,0.2),
 (26,3,12,1,549.99,0.2),
 (26,4,21,2,269.99,0.07),
 (27,1,5,1,1320.99,0.2),
 (27,2,19,1,449.00,0.2),
 (27,3,26,2,599.99,0.07),
 (27,4,8,1,1799.99,0.07),
 (28,1,5,1,1320.99,0.05),
 (28,2,7,2,3999.99,0.2),
 (28,3,14,2,269.99,0.1),
 (28,4,6,1,469.99,0.05),
 (29,1,24,2,549.99,0.05),
 (29,2,6,1,469.99,0.2),
 (29,3,21,2,269.99,0.1),
 (29,4,8,1,1799.99,0.2),
 (29,5,14,2,269.99,0.05),
 (30,1,26,1,599.99,0.05),
 (30,2,17,1,429.00,0.07),
 (30,3,19,1,449.00,0.1),
 (30,4,4,1,2899.99,0.1),
 (30,5,7,2,3999.99,0.1),
 (31,1,11,2,1680.99,0.05),
 (31,2,9,2,2999.99,0.2),
 (32,1,8,2,1799.99,0.07),
 (32,2,12,2,549.99,0.07),
 (32,3,25,2,499.99,0.1),
 (33,1,23,2,299.99,0.07),
 (33,2,7,1,3999.99,0.1),
 (34,1,8,2,1799.99,0.07);
































